,market,candle_date_time_utc,candle_date_time_kst,opening_price,high_price,low_price,trade_price,timestamp,candle_acc_trade_price,candle_acc_trade_volume,unit
0,KRW-BTC,2022-05-28T15:00:00,2022-05-29T00:00:00,36948000.0,36992000.0,36906000.0,36969000.0,1653751584662,1481166949.10248,40.0907142,60
1,KRW-ETH,2022-05-28T15:00:00,2022-05-29T00:00:00,2273000.0,2283000.0,2269000.0,2280000.0,1653751584097,702258810.19509,308.45927463,60
2,BTC-ETH,2022-05-28T15:00:00,2022-05-29T00:00:00,0.06141014,0.06141014,0.06141014,0.06141014,1653751578000,0.0094,0.15306919,60
3,BTC-LTC,2022-05-28T12:00:00,2022-05-28T21:00:00,0.0021696,0.00217732,0.00216959,0.0021773,1653742292312,0.05750598,26.47702416,60
4,BTC-XRP,2022-05-28T15:00:00,2022-05-29T00:00:00,1.331e-05,1.331e-05,1.331e-05,1.331e-05,1653750985585,0.00178359,134.00387563,60
5,BTC-ETC,2022-05-28T14:00:00,2022-05-28T23:00:00,0.00077984,0.00077984,0.00077982,0.00077984,1653747940849,0.01349925,17.31035798,60
6,BTC-OMG,2022-05-28T12:00:00,2022-05-28T21:00:00,8.191e-05,8.191e-05,8.191e-05,8.191e-05,1653739283964,0.00959969,117.1980001,60
7,BTC-CVC,2022-05-28T06:00:00,2022-05-28T15:00:00,5.4e-06,5.4e-06,5.39e-06,5.39e-06,1653721063440,0.01499636,2782.00990099,60
8,BTC-DGB,2022-05-28T11:00:00,2022-05-28T20:00:00,3.7e-07,3.7e-07,3.7e-07,3.7e-07,1653738712938,0.00052606,1421.7766,60
9,BTC-SC,2022-05-28T12:00:00,2022-05-28T21:00:00,1.8e-07,1.9e-07,1.8e-07,1.9e-07,1653741888895,0.00125731,6961.59122085,60
10,BTC-SNT,2022-05-28T11:00:00,2022-05-28T20:00:00,1.19e-06,1.19e-06,1.19e-06,1.19e-06,1653738260629,0.01528899,12847.89074394,60
11,BTC-WAVES,2022-05-28T11:00:00,2022-05-28T20:00:00,0.00015014,0.00015014,0.00015014,0.00015014,1653735722724,0.01133377,75.488,60
12,BTC-NMR,2022-05-28T14:00:00,2022-05-28T23:00:00,0.00040892,0.00040892,0.00040892,0.00040892,1653748619561,0.00117054,2.86252479,60
13,BTC-XEM,2022-05-28T15:00:00,2022-05-29T00:00:00,1.63e-06,1.63e-06,1.63e-06,1.63e-06,1653750780924,0.00092497,567.46755864,60
14,BTC-QTUM,2022-05-28T02:00:00,2022-05-28T11:00:00,0.000131,0.000131,0.000131,0.000131,1653705211553,0.06550001,500.0,60
15,BTC-BAT,2022-05-28T00:00:00,2022-05-28T09:00:00,1.276e-05,1.276e-05,1.276e-05,1.276e-05,1653697931494,0.00121416,95.15348052,60
16,BTC-LSK,2022-05-28T15:00:00,2022-05-29T00:00:00,4.253e-05,4.253e-05,4.221e-05,4.221e-05,1653750180905,0.02005935,475.21646089,60
17,BTC-STEEM,2022-05-28T12:00:00,2022-05-28T21:00:00,8.3e-06,8.3e-06,8.3e-06,8.3e-06,1653742173883,0.00149174,179.72752754,60
18,BTC-DOGE,2022-05-28T15:00:00,2022-05-29T00:00:00,2.82e-06,2.82e-06,2.81e-06,2.81e-06,1653751465613,0.00275716,980.50964111,60
19,BTC-BNT,2022-05-28T15:00:00,2022-05-29T00:00:00,4.305e-05,4.305e-05,4.305e-05,4.305e-05,1653750365264,0.00693867,161.177,60
20,BTC-XLM,2022-05-28T15:00:00,2022-05-29T00:00:00,4.24e-06,4.24e-06,4.24e-06,4.24e-06,1653750952980,0.00218494,515.31603773,60
21,BTC-ARDR,2022-05-28T12:00:00,2022-05-28T21:00:00,3.77e-06,3.77e-06,3.75e-06,3.75e-06,1653739622047,0.00462535,1232.32501508,60
22,BTC-ARK,2022-05-28T10:00:00,2022-05-28T19:00:00,1.799e-05,1.799e-05,1.799e-05,1.799e-05,1653735589820,0.00117508,65.31874635,60
23,BTC-STORJ,2022-05-27T17:00:00,2022-05-28T02:00:00,1.768e-05,1.768e-05,1.768e-05,1.768e-05,1653672151981,0.00456189,258.02564103,60
24,BTC-GRS,2022-05-27T21:00:00,2022-05-28T06:00:00,1.452e-05,1.477e-05,1.452e-05,1.452e-05,1653687136829,0.00490536,333.78567356,60
25,BTC-REP,2022-05-28T08:00:00,2022-05-28T17:00:00,0.00032103,0.00032103,0.00032103,0.00032103,1653727943111,0.00698163,21.74760387,60
26,BTC-RLC,2022-05-28T14:00:00,2022-05-28T23:00:00,2.712e-05,2.712e-05,2.711e-05,2.712e-05,1653748580540,0.00772415,284.84362312,60
27,USDT-BTC,2022-05-28T15:00:00,2022-05-29T00:00:00,28961.693,28964.967,28961.693,28964.967,1653750542618,12.01080277,0.00041469,60
28,USDT-ETH,2022-05-28T15:00:00,2022-05-29T00:00:00,1791.09899115,1791.09899115,1791.09899115,1791.09899115,1653750281891,54.52633703,0.03044295,60
29,USDT-LTC,2022-05-28T11:00:00,2022-05-28T20:00:00,66.67838963,66.67838963,66.67838963,66.67838963,1653737793002,0.02646199,0.00039686,60
30,USDT-XRP,2022-05-28T14:00:00,2022-05-28T23:00:00,0.38418711,0.3944,0.38269365,0.39141211,1653747878256,1194.48638293,3048.24826779,60
31,USDT-ETC,2022-05-28T13:00:00,2022-05-28T22:00:00,23.45711428,23.45711428,23.45667971,23.45667971,1653746097346,176.60268572,7.52879622,60
32,KRW-NEO,2022-05-28T15:00:00,2022-05-29T00:00:00,13360.0,13460.0,13320.0,13460.0,1653751505756,33535627.9744233,2502.28486019,60
33,KRW-MTL,2022-05-28T15:00:00,2022-05-29T00:00:00,1660.0,1675.0,1640.0,1650.0,1653751612785,581897065.3709289,351172.28932618,60
34,KRW-LTC,2022-05-28T15:00:00,2022-05-29T00:00:00,80650.0,80770.0,80520.0,80670.0,1653751359233,37594025.9804211,466.3234297,60
35,KRW-XRP,2022-05-28T15:00:00,2022-05-29T00:00:00,492.0,493.0,491.0,492.0,1653751596989,585115258.7689446,1188447.41691761,60
36,KRW-ETC,2022-05-28T15:00:00,2022-05-29T00:00:00,28960.0,29070.0,28890.0,29030.0,1653751606852,398203701.0283247,13739.02439658,60
37,KRW-OMG,2022-05-28T15:00:00,2022-05-29T00:00:00,3065.0,3095.0,3065.0,3090.0,1653751469352,53970323.503706,17536.86341891,60
38,KRW-SNT,2022-05-28T15:00:00,2022-05-29T00:00:00,44.4,44.5,44.2,44.3,1653751462883,2412490.94518887,54391.88408171,60
39,KRW-WAVES,2022-05-28T15:00:00,2022-05-29T00:00:00,5580.0,5605.0,5560.0,5590.0,1653751598413,210146418.25918886,37641.27255064,60
40,KRW-XEM,2022-05-28T15:00:00,2022-05-29T00:00:00,60.9,60.9,60.5,60.5,1653751601514,34407197.72881128,567667.87639347,60
41,KRW-QTUM,2022-05-28T15:00:00,2022-05-29T00:00:00,4805.0,4845.0,4785.0,4835.0,1653751612832,26292636.000699,5460.19608875,60
42,KRW-LSK,2022-05-28T15:00:00,2022-05-29T00:00:00,1570.0,1570.0,1540.0,1540.0,1653751614518,359833155.7396055,232057.88758257,60
43,KRW-STEEM,2022-05-28T15:00:00,2022-05-29T00:00:00,311.0,311.0,310.0,310.0,1653751593603,21753334.72678576,70055.3385265,60
44,KRW-XLM,2022-05-28T15:00:00,2022-05-29T00:00:00,155.0,156.0,155.0,155.0,1653751610034,18082281.90594201,116008.19656011,60
45,KRW-ARDR,2022-05-28T15:00:00,2022-05-29T00:00:00,141.0,142.0,141.0,142.0,1653750721259,791304.63350215,5594.10937755,60
46,KRW-ARK,2022-05-28T15:00:00,2022-05-29T00:00:00,648.0,652.0,648.0,649.0,1653751155167,2231457.98056112,3438.71421453,60
47,KRW-STORJ,2022-05-28T15:00:00,2022-05-29T00:00:00,661.0,666.0,659.0,666.0,1653751599009,19016864.83894334,28716.14945911,60
48,KRW-GRS,2022-05-28T15:00:00,2022-05-29T00:00:00,514.0,517.0,514.0,517.0,1653751519387,6743076.96533744,13071.53156678,60
49,KRW-REP,2022-05-28T15:00:00,2022-05-29T00:00:00,11610.0,11640.0,11580.0,11640.0,1653751600493,65730815.490547,5662.24622938,60
50,KRW-ADA,2022-05-28T15:00:00,2022-05-29T00:00:00,588.0,591.0,587.0,589.0,1653751604967,151392330.36306775,257570.17351648,60
51,BTC-ADA,2022-05-28T14:00:00,2022-05-28T23:00:00,1.602e-05,1.602e-05,1.602e-05,1.602e-05,1653749503547,0.002,124.84394506,60
52,BTC-MANA,2022-05-28T07:00:00,2022-05-28T16:00:00,3.276e-05,3.276e-05,3.276e-05,3.276e-05,1653722671598,0.00137336,41.92183266,60
53,USDT-OMG,2022-05-28T14:00:00,2022-05-28T23:00:00,2.4571434,2.47189986,2.4571434,2.47189986,1653748636325,175.53007838,71.233712,60
54,KRW-SBD,2022-05-28T15:00:00,2022-05-29T00:00:00,3150.0,3170.0,3150.0,3150.0,1653751582628,6213403.70725415,1969.19441492,60
55,BTC-SBD,2022-05-28T02:00:00,2022-05-28T11:00:00,8.489e-05,8.489e-05,8.489e-05,8.489e-05,1653705562944,0.00202519,23.85666419,60
56,KRW-POWR,2022-05-28T15:00:00,2022-05-29T00:00:00,322.0,323.0,321.0,322.0,1653751422893,15193445.39831689,47178.68604659,60
57,BTC-POWR,2022-05-28T09:00:00,2022-05-28T18:00:00,8.56e-06,8.56e-06,8.56e-06,8.56e-06,1653731202280,0.00197494,230.71746801,60
58,KRW-BTG,2022-05-28T15:00:00,2022-05-29T00:00:00,27380.0,27380.0,27100.0,27200.0,1653751608666,55573819.8251612,2043.81582852,60
59,USDT-ADA,2022-05-28T14:00:00,2022-05-28T23:00:00,0.47173091,0.47173091,0.47173091,0.47173091,1653747552172,55.49169113,117.63420619,60
60,BTC-DNT,2022-05-28T14:00:00,2022-05-28T23:00:00,1.65e-06,1.65e-06,1.65e-06,1.65e-06,1653747305020,0.01594395,9663.0,60
61,BTC-ZRX,2022-05-28T12:00:00,2022-05-28T21:00:00,1.301e-05,1.301e-05,1.301e-05,1.301e-05,1653739358106,0.00464052,356.689,60
62,BTC-TRX,2022-05-28T15:00:00,2022-05-29T00:00:00,2.85e-06,2.85e-06,2.85e-06,2.85e-06,1653750625959,0.00091541,321.19700748,60
63,BTC-TUSD,2022-05-28T15:00:00,2022-05-29T00:00:00,3.468e-05,3.468e-05,3.468e-05,3.468e-05,1653751470233,0.00669514,193.05470464,60
64,BTC-LRC,2022-05-28T14:00:00,2022-05-28T23:00:00,1.662e-05,1.662e-05,1.655e-05,1.655e-05,1653749842605,0.01075416,648.6073946,60
65,KRW-ICX,2022-05-28T15:00:00,2022-05-29T00:00:00,454.0,455.0,451.0,454.0,1653751454534,29410446.21465166,65024.15224821,60
66,KRW-EOS,2022-05-28T15:00:00,2022-05-29T00:00:00,1595.0,1610.0,1595.0,1605.0,1653751606109,36166230.71399755,22609.00882144,60
67,USDT-TUSD,2022-05-28T15:00:00,2022-05-29T00:00:00,0.99550002,1.01193979,0.99550002,0.99550002,1653751435653,30.05262522,29.92693791,60
68,KRW-TRX,2022-05-28T15:00:00,2022-05-29T00:00:00,104.0,105.0,104.0,104.0,1653751610561,134743032.21654022,1285851.96359382,60
69,BTC-POLY,2022-05-28T02:00:00,2022-05-28T11:00:00,7.61e-06,7.61e-06,7.61e-06,7.61e-06,1653706054893,0.00105648,138.82733246,60
70,USDT-SC,2022-05-28T12:00:00,2022-05-28T21:00:00,0.005741,0.005741,0.005741,0.005741,1653741298081,0.02142271,3.73152935,60
71,USDT-TRX,2022-05-28T15:00:00,2022-05-29T00:00:00,0.08336259,0.08336259,0.08336259,0.08336259,1653751571103,0.99059289,11.88294279,60
72,KRW-SC,2022-05-28T15:00:00,2022-05-29T00:00:00,6.84,6.87,6.82,6.87,1653751594686,73579653.63199662,10738849.7479565,60
73,KRW-ONT,2022-05-28T15:00:00,2022-05-29T00:00:00,339.0,341.0,338.0,341.0,1653751613408,54155989.66818731,159203.26201802,60
74,KRW-ZIL,2022-05-28T15:00:00,2022-05-29T00:00:00,60.7,61.1,60.4,61.1,1653751621392,188831859.46682864,3108976.37182021,60
75,KRW-POLY,2022-05-28T15:00:00,2022-05-29T00:00:00,281.0,283.0,280.0,283.0,1653751609646,19141866.03872067,67999.09355446,60
76,KRW-ZRX,2022-05-28T15:00:00,2022-05-29T00:00:00,479.0,484.0,479.0,484.0,1653751537958,14894485.08083467,31034.54123902,60
77,KRW-LOOM,2022-05-28T15:00:00,2022-05-29T00:00:00,61.4,61.4,61.4,61.4,1653751165139,2389969.85479353,38924.59046895,60
78,BTC-BCH,2022-05-28T12:00:00,2022-05-28T21:00:00,0.00617519,0.00617519,0.00617519,0.00617519,1653742766725,0.00099606,0.1613,60
79,USDT-BCH,2022-05-28T14:00:00,2022-05-28T23:00:00,188.13474413,188.13474413,187.97233895,187.97233895,1653748618349,301.78723888,1.60458965,60
80,KRW-BCH,2022-05-28T15:00:00,2022-05-29T00:00:00,225950.0,228400.0,225900.0,226500.0,1653751588643,14976549.0566915,65.90878675,60
81,BTC-MFT,2022-05-28T12:00:00,2022-05-28T21:00:00,1.5e-07,1.5e-07,1.5e-07,1.5e-07,1653742359050,0.00355164,23677.60598503,60
82,BTC-LOOM,2022-05-28T13:00:00,2022-05-28T22:00:00,1.65e-06,1.65e-06,1.65e-06,1.65e-06,1653744195282,0.0007479,453.27333333,60
83,KRW-BAT,2022-05-28T15:00:00,2022-05-29T00:00:00,467.0,470.0,466.0,470.0,1653751601348,61249348.9524282,130964.49694422,60
84,KRW-IOST,2022-05-28T15:00:00,2022-05-29T00:00:00,20.6,20.8,20.6,20.8,1653751491578,18693867.403749,905317.34368302,60
85,BTC-RFR,2022-05-28T09:00:00,2022-05-28T18:00:00,2.3e-07,2.3e-07,2.3e-07,2.3e-07,1653731690014,0.01327511,57717.83811966,60
86,KRW-RFR,2022-05-28T15:00:00,2022-05-29T00:00:00,8.67,8.72,8.65,8.72,1653751615528,7548114.03583065,870536.34252714,60
87,USDT-DGB,2022-05-28T12:00:00,2022-05-28T21:00:00,0.01189778,0.01189778,0.01189778,0.01189778,1653742413536,9.84274359,827.27564202,60
88,KRW-CVC,2022-05-28T15:00:00,2022-05-29T00:00:00,200.0,201.0,199.0,201.0,1653751611863,34142827.57046163,170208.85392837,60
89,KRW-IQ,2022-05-28T15:00:00,2022-05-29T00:00:00,7.11,7.11,7.08,7.09,1653751196552,4929255.12942217,694341.16634462,60
90,KRW-IOTA,2022-05-28T15:00:00,2022-05-29T00:00:00,395.0,399.0,395.0,399.0,1653751621618,14846236.24835695,37469.68895089,60
91,BTC-RVN,2022-05-28T15:00:00,2022-05-29T00:00:00,9.2e-07,9.2e-07,9.2e-07,9.2e-07,1653751199935,0.24431718,265562.15439661,60
92,BTC-GO,2022-05-28T13:00:00,2022-05-28T22:00:00,3.6e-07,3.6e-07,3.6e-07,3.6e-07,1653742942007,0.0108,30000.0,60
93,BTC-UPP,2022-05-28T12:00:00,2022-05-28T21:00:00,2.67e-06,2.67e-06,2.67e-06,2.67e-06,1653741649157,0.04824689,18069.99729141,60
94,BTC-ENJ,2022-05-28T11:00:00,2022-05-28T20:00:00,2.045e-05,2.045e-05,2.045e-05,2.045e-05,1653736567061,0.00230007,112.47287735,60
95,KRW-MFT,2022-05-28T15:00:00,2022-05-29T00:00:00,5.49,5.52,5.49,5.51,1653751503339,6689456.35648173,1214962.66721927,60
96,KRW-ONG,2022-05-28T15:00:00,2022-05-29T00:00:00,510.0,512.0,509.0,512.0,1653751607200,11009599.20349415,21560.11036717,60
97,KRW-GAS,2022-05-28T15:00:00,2022-05-29T00:00:00,3385.0,3410.0,3380.0,3395.0,1653751555681,20411708.4552006,6006.52820682,60
98,BTC-MTL,2022-05-28T15:00:00,2022-05-29T00:00:00,4.45e-05,4.45e-05,4.45e-05,4.45e-05,1653751597286,0.0128516,288.8,60
99,KRW-UPP,2022-05-28T15:00:00,2022-05-29T00:00:00,97.4,97.6,97.4,97.4,1653751285451,5366806.92745498,55054.03591335,60
100,KRW-ELF,2022-05-28T15:00:00,2022-05-29T00:00:00,195.0,197.0,195.0,197.0,1653751612017,71725003.96962982,367276.64678886,60
101,USDT-DOGE,2022-05-28T14:00:00,2022-05-28T23:00:00,0.08398801,0.08398801,0.08398801,0.08398801,1653748002414,108.29224606,1289.37744875,60
102,USDT-ZRX,2022-05-28T07:00:00,2022-05-28T16:00:00,0.36564358,0.36564358,0.36564358,0.36564358,1653721685749,559.22735749,1529.433,60
103,USDT-RVN,2022-05-28T04:00:00,2022-05-28T13:00:00,0.02898756,0.02898756,0.027,0.027,1653712423744,0.02718842,1.0065,60
104,USDT-BAT,2022-05-28T13:00:00,2022-05-28T22:00:00,0.37859547,0.37859547,0.37859547,0.37859547,1653746351297,187.03431383,494.0215313,60
105,KRW-KNC,2022-05-28T15:00:00,2022-05-29T00:00:00,2420.0,2450.0,2410.0,2440.0,1653751626987,646564954.4623604,266576.03274413,60
106,BTC-MOC,2022-05-28T14:00:00,2022-05-28T23:00:00,3.8e-06,3.8e-06,3.8e-06,3.8e-06,1653747920113,0.01041689,2741.2868908,60
107,BTC-ZIL,2022-05-28T12:00:00,2022-05-28T21:00:00,1.66e-06,1.66e-06,1.66e-06,1.66e-06,1653740298171,0.00050339,303.24790433,60
108,KRW-BSV,2022-05-28T15:00:00,2022-05-29T00:00:00,62200.0,62800.0,62000.0,62670.0,1653751599194,51310439.9839277,823.10194642,60
109,BTC-BSV,2022-05-28T09:00:00,2022-05-28T18:00:00,0.00166849,0.00166849,0.00166849,0.00166849,1653728494251,0.00050222,0.301,60
110,BTC-IOST,2022-05-28T10:00:00,2022-05-28T19:00:00,5.6e-07,5.6e-07,5.6e-07,5.6e-07,1653733774382,0.00246722,4405.74833774,60
111,KRW-THETA,2022-05-28T15:00:00,2022-05-29T00:00:00,1420.0,1425.0,1415.0,1425.0,1653751526822,40882078.1171634,28764.68928673,60
112,BTC-DENT,2022-05-28T15:00:00,2022-05-29T00:00:00,4e-08,4e-08,4e-08,4e-08,1653750436553,0.00143576,35894.075,60
113,KRW-QKC,2022-05-28T15:00:00,2022-05-29T00:00:00,14.7,15.0,14.6,14.7,1653751622917,124428263.55571736,8436395.74155536,60
114,BTC-ELF,2022-05-28T05:00:00,2022-05-28T14:00:00,5.2e-06,5.21e-06,5.2e-06,5.21e-06,1653714466584,0.15796095,30344.16101377,60
115,KRW-BTT,2022-05-28T15:00:00,2022-05-29T00:00:00,0.0014,0.0014,0.0013,0.0014,1653751468877,5285940.5706406,3987805129.740808,60
116,BTC-IOTX,2022-05-28T13:00:00,2022-05-28T22:00:00,1.23e-06,1.23e-06,1.23e-06,1.23e-06,1653743372423,0.00120429,979.09959349,60
117,BTC-SOLVE,2022-05-28T15:00:00,2022-05-29T00:00:00,1.26e-06,1.26e-06,1.26e-06,1.26e-06,1653750969097,0.000882,700.0,60
118,BTC-NKN,2022-05-28T15:00:00,2022-05-29T00:00:00,2.95e-06,2.95e-06,2.95e-06,2.95e-06,1653751336701,0.01191547,4039.14200984,60
119,BTC-META,2022-05-28T15:00:00,2022-05-29T00:00:00,1.66e-06,1.66e-06,1.66e-06,1.66e-06,1653750699185,0.0175471,10570.5392,60
120,KRW-MOC,2022-05-28T15:00:00,2022-05-29T00:00:00,141.0,141.0,140.0,140.0,1653751606890,7870497.56571229,55999.02329732,60
121,BTC-ANKR,2022-05-28T15:00:00,2022-05-29T00:00:00,1.24e-06,1.24e-06,1.23e-06,1.23e-06,1653750664588,0.0021959,1785.03282275,60
122,BTC-CRO,2022-05-27T15:00:00,2022-05-28T00:00:00,5.86e-06,5.86e-06,5.86e-06,5.86e-06,1653663613977,0.00641392,1094.5256167,60
123,KRW-ENJ,2022-05-28T15:00:00,2022-05-29T00:00:00,765.0,771.0,762.0,771.0,1653751627878,50142330.54168515,65383.23838867,60
124,KRW-TFUEL,2022-05-28T15:00:00,2022-05-29T00:00:00,70.1,70.5,70.1,70.4,1653751631831,39181898.00475891,557949.63863854,60
125,KRW-MANA,2022-05-28T15:00:00,2022-05-29T00:00:00,1210.0,1220.0,1210.0,1220.0,1653751632043,239501972.16887146,197423.55418628,60
126,KRW-ANKR,2022-05-28T15:00:00,2022-05-29T00:00:00,45.7,46.1,45.7,46.0,1653751393384,25844611.03091399,564780.97177384,60
127,BTC-ORBS,2022-05-28T11:00:00,2022-05-28T20:00:00,1.65e-06,1.65e-06,1.65e-06,1.65e-06,1653736978405,0.0005115,310.0,60
128,BTC-AERGO,2022-05-27T10:00:00,2022-05-27T19:00:00,4.91e-06,4.91e-06,4.91e-06,4.91e-06,1653646992392,0.00429506,874.75824424,60
129,KRW-AERGO,2022-05-28T15:00:00,2022-05-29T00:00:00,179.0,180.0,178.0,180.0,1653751503889,16954554.57524144,94399.59945415,60
130,KRW-ATOM,2022-05-28T15:00:00,2022-05-29T00:00:00,12070.0,12240.0,12060.0,12240.0,1653751608694,96326418.6210078,7949.57578366,60
131,KRW-TT,2022-05-28T15:00:00,2022-05-29T00:00:00,7.52,7.53,7.48,7.53,1653751626992,21003466.13562742,2799246.85168941,60
132,KRW-CRE,2022-05-28T15:00:00,2022-05-29T00:00:00,6.43,6.45,6.41,6.45,1653751631800,8973260.07202863,1395952.5188574,60
133,BTC-ATOM,2022-05-28T08:00:00,2022-05-28T17:00:00,0.00032982,0.00032982,0.00032982,0.00032982,1653727921169,0.00600515,18.20737825,60
134,BTC-STPT,2022-05-28T13:00:00,2022-05-28T22:00:00,1.47e-06,1.47e-06,1.47e-06,1.47e-06,1653743216393,0.02649102,18021.09755932,60
135,KRW-MBL,2022-05-28T15:00:00,2022-05-29T00:00:00,6.32,6.36,6.32,6.34,1653751383795,15112531.50879516,2387345.34798761,60
136,BTC-EOS,2022-05-28T12:00:00,2022-05-28T21:00:00,4.347e-05,4.347e-05,4.347e-05,4.347e-05,1653739755514,0.02426864,558.2848848,60
137,BTC-DAI,2022-05-28T14:00:00,2022-05-28T23:00:00,3.407e-05,3.417e-05,3.407e-05,3.417e-05,1653746448751,0.00459484,134.73014083,60
138,BTC-MKR,2022-05-28T15:00:00,2022-05-29T00:00:00,0.04097987,0.04343492,0.04097987,0.04250723,1653751248061,0.5619613,13.25956446,60
139,BTC-BORA,2022-05-28T10:00:00,2022-05-28T19:00:00,1.458e-05,1.458e-05,1.458e-05,1.458e-05,1653734794413,0.00010629,7.2901162,60
140,KRW-WAXP,2022-05-28T15:00:00,2022-05-29T00:00:00,140.0,140.0,139.0,140.0,1653751477908,21193364.70671085,152315.46206311,60
141,BTC-WAXP,2022-05-28T02:00:00,2022-05-28T11:00:00,3.88e-06,3.88e-06,3.88e-06,3.88e-06,1653706652857,0.000582,150.0,60
142,KRW-HBAR,2022-05-28T15:00:00,2022-05-29T00:00:00,113.0,114.0,112.0,114.0,1653751414781,15879151.27293246,140596.95545768,60
143,KRW-MED,2022-05-28T15:00:00,2022-05-29T00:00:00,33.8,33.8,33.7,33.8,1653751625974,4451299.85878427,132065.81519837,60
144,BTC-MED,2022-05-28T06:00:00,2022-05-28T15:00:00,9.3e-07,9.3e-07,9e-07,9e-07,1653720893131,0.00124333,1362.09226932,60
145,BTC-MLK,2022-05-28T11:00:00,2022-05-28T20:00:00,1.656e-05,1.656e-05,1.656e-05,1.656e-05,1653737441798,0.00018216,11.0,60
146,KRW-MLK,2022-05-28T15:00:00,2022-05-29T00:00:00,610.0,611.0,610.0,610.0,1653751336666,151908.38281956,249.00046659,60
147,KRW-STPT,2022-05-28T15:00:00,2022-05-29T00:00:00,54.6,54.7,54.5,54.7,1653751408847,14239255.77063127,260664.49529988,60
148,BTC-VET,2022-05-28T14:00:00,2022-05-28T23:00:00,1.01e-06,1.01e-06,1.01e-06,1.01e-06,1653748935613,0.0013,1287.12493691,60
149,KRW-ORBS,2022-05-28T15:00:00,2022-05-29T00:00:00,60.7,60.8,60.7,60.7,1653751400000,4662336.02376191,76765.60137288,60
150,BTC-CHZ,2022-05-28T05:00:00,2022-05-28T14:00:00,3.9e-06,3.9e-06,3.88e-06,3.88e-06,1653717157381,0.02074805,5333.83886466,60
151,KRW-VET,2022-05-28T15:00:00,2022-05-29T00:00:00,37.7,37.8,37.5,37.8,1653751626915,64400226.62610401,1709418.47574986,60
152,BTC-FX,2022-05-28T14:00:00,2022-05-28T23:00:00,8.4e-06,8.4e-06,8.4e-06,8.4e-06,1653748337234,0.03142489,3741.05927872,60
153,BTC-OGN,2022-05-28T15:00:00,2022-05-29T00:00:00,6.72e-06,6.73e-06,6.72e-06,6.72e-06,1653751605215,0.01858831,2764.32725024,60
154,KRW-CHZ,2022-05-28T15:00:00,2022-05-29T00:00:00,142.0,144.0,141.0,143.0,1653751627054,52769975.15854831,370144.10067547,60
155,BTC-XTZ,2022-05-28T05:00:00,2022-05-28T14:00:00,6.535e-05,6.535e-05,6.535e-05,6.535e-05,1653716214258,0.00140598,21.51464156,60
156,BTC-HIVE,2022-05-28T13:00:00,2022-05-28T22:00:00,1.64e-05,1.64e-05,1.632e-05,1.632e-05,1653746361218,0.02127633,1300.44090088,60
157,BTC-HBD,2022-05-28T14:00:00,2022-05-28T23:00:00,3.388e-05,3.391e-05,3.388e-05,3.391e-05,1653749544174,0.01275704,376.35335723,60
158,BTC-OBSR,2022-05-28T15:00:00,2022-05-29T00:00:00,6e-08,6e-08,6e-08,6e-08,1653750415946,0.09276358,1546059.68412302,60
159,BTC-DKA,2022-05-28T12:00:00,2022-05-28T21:00:00,1.83e-06,1.83e-06,1.82e-06,1.82e-06,1653740960575,0.006122,3362.1975292,60
160,KRW-STMX,2022-05-28T15:00:00,2022-05-29T00:00:00,11.5,11.7,11.5,11.7,1653751585942,53160102.23483714,4581495.48306946,60
161,BTC-STMX,2022-05-28T06:00:00,2022-05-28T15:00:00,3.1e-07,3.1e-07,3.1e-07,3.1e-07,1653720898426,0.0005022,1620.0,60
162,BTC-AHT,2022-05-28T09:00:00,2022-05-28T18:00:00,2.2e-07,2.2e-07,2.2e-07,2.2e-07,1653731054747,0.00076402,3472.79948277,60
163,BTC-PCI,2022-05-28T15:00:00,2022-05-29T00:00:00,1.328e-05,1.345e-05,1.328e-05,1.338e-05,1653751317036,0.0301957,2261.01983507,60
164,KRW-DKA,2022-05-28T15:00:00,2022-05-29T00:00:00,68.1,68.2,68.0,68.2,1653751407519,7104157.2405929,104307.38846453,60
165,BTC-LINK,2022-05-28T11:00:00,2022-05-28T20:00:00,0.00022284,0.00022284,0.00022283,0.00022283,1653737075060,0.00247213,11.09408115,60
166,KRW-HIVE,2022-05-28T15:00:00,2022-05-29T00:00:00,600.0,604.0,598.0,602.0,1653751636187,163160810.7606752,271687.37070598,60
167,KRW-KAVA,2022-05-28T15:00:00,2022-05-29T00:00:00,2925.0,2950.0,2920.0,2945.0,1653751598930,48006935.3442683,16355.0058739,60
168,BTC-KAVA,2022-05-28T06:00:00,2022-05-28T15:00:00,7.949e-05,7.949e-05,7.949e-05,7.949e-05,1653720272810,0.02134915,268.57654432,60
169,KRW-AHT,2022-05-28T15:00:00,2022-05-29T00:00:00,8.14,8.14,8.12,8.12,1653751120242,5555662.14865883,683676.08600598,60
170,KRW-LINK,2022-05-28T15:00:00,2022-05-29T00:00:00,8265.0,8310.0,8250.0,8310.0,1653751621442,42843888.334765,5178.32529366,60
171,KRW-XTZ,2022-05-28T15:00:00,2022-05-29T00:00:00,2445.0,2490.0,2445.0,2480.0,1653751622455,105844098.25088274,42818.19115169,60
172,KRW-BORA,2022-05-28T15:00:00,2022-05-29T00:00:00,538.0,539.0,536.0,539.0,1653751632080,92352063.87047084,172000.28493729,60
173,BTC-JST,2022-05-28T12:00:00,2022-05-28T21:00:00,1.42e-06,1.42e-06,1.42e-06,1.42e-06,1653741664588,0.001579,1111.97323943,60
174,BTC-CHR,2022-05-28T14:00:00,2022-05-28T23:00:00,7.02e-06,7.02e-06,6.81e-06,6.98e-06,1653749845028,0.10060413,14439.60559589,60
175,BTC-DAD,2022-05-28T15:00:00,2022-05-29T00:00:00,1.89e-06,1.89e-06,1.88e-06,1.88e-06,1653751124884,0.02268493,12008.20105821,60
176,BTC-TON,2022-05-28T01:00:00,2022-05-28T10:00:00,7.36e-05,7.36e-05,7.36e-05,7.36e-05,1653701419219,0.0012691,17.24316925,60
177,KRW-JST,2022-05-28T15:00:00,2022-05-29T00:00:00,52.3,52.3,52.2,52.3,1653751543397,18465595.28848806,353153.13259853,60
178,BTC-CTSI,2022-05-28T15:00:00,2022-05-29T00:00:00,6.27e-06,6.28e-06,6.27e-06,6.28e-06,1653751303336,0.0060067,957.24329202,60
179,BTC-DOT,2022-05-28T15:00:00,2022-05-29T00:00:00,0.00032437,0.00032447,0.00032437,0.00032447,1653750964583,0.0030837,9.50429224,60
180,KRW-CRO,2022-05-28T15:00:00,2022-05-29T00:00:00,217.0,218.0,217.0,218.0,1653751504584,1125748.59105551,5184.77370441,60
181,BTC-COMP,2022-05-28T11:00:00,2022-05-28T20:00:00,0.00195763,0.00195763,0.00195763,0.00195763,1653736260779,0.00758934,3.8768003,60
182,BTC-SXP,2022-05-28T03:00:00,2022-05-28T12:00:00,1.592e-05,1.592e-05,1.592e-05,1.592e-05,1653710284935,0.0420334,2640.28886815,60
183,BTC-HUNT,2022-05-28T05:00:00,2022-05-28T14:00:00,1.634e-05,1.634e-05,1.628e-05,1.628e-05,1653714832351,0.09596726,5884.43911714,60
184,KRW-TON,2022-05-28T15:00:00,2022-05-29T00:00:00,2720.0,2740.0,2720.0,2740.0,1653751602255,3951648.3477092,1448.51548502,60
185,BTC-ONIT,2022-05-28T15:00:00,2022-05-29T00:00:00,1.85e-06,1.85e-06,1.85e-06,1.85e-06,1653750904527,0.00056637,306.14443243,60
186,BTC-CRV,2022-05-28T15:00:00,2022-05-29T00:00:00,4.247e-05,4.247e-05,4.209e-05,4.209e-05,1653750935491,0.09185919,2175.40478011,60
187,BTC-ALGO,2022-05-28T14:00:00,2022-05-28T23:00:00,1.261e-05,1.262e-05,1.261e-05,1.262e-05,1653748709737,0.01626832,1289.19381419,60
188,BTC-RSR,2022-05-28T15:00:00,2022-05-29T00:00:00,1.9e-07,1.9e-07,1.9e-07,1.9e-07,1653751304612,0.00303596,15978.7373671,60
189,KRW-SXP,2022-05-28T15:00:00,2022-05-29T00:00:00,595.0,599.0,592.0,599.0,1653751615514,36316605.92549796,61155.09024849,60
190,BTC-OXT,2022-05-28T14:00:00,2022-05-28T23:00:00,4.2e-06,4.2e-06,4.2e-06,4.2e-06,1653749968794,0.00115441,274.8590909,60
191,BTC-PLA,2022-05-28T14:00:00,2022-05-28T23:00:00,1.759e-05,1.759e-05,1.759e-05,1.759e-05,1653747500042,0.0042949,244.16744186,60
192,KRW-HUNT,2022-05-28T15:00:00,2022-05-29T00:00:00,603.0,605.0,603.0,605.0,1653751492587,9974638.359083,16510.68787028,60
193,BTC-MARO,2022-05-28T15:00:00,2022-05-29T00:00:00,1.12e-06,1.13e-06,1.12e-06,1.13e-06,1653751621880,0.05991279,53489.0982276,60
194,BTC-SAND,2022-05-28T12:00:00,2022-05-28T21:00:00,4.497e-05,4.497e-05,4.497e-05,4.497e-05,1653741079302,0.48038607,10682.36768541,60
195,BTC-SUN,2022-05-28T13:00:00,2022-05-28T22:00:00,3.1e-07,3.1e-07,3.1e-07,3.1e-07,1653745178384,0.0598595,193095.16832917,60
196,KRW-PLA,2022-05-28T15:00:00,2022-05-29T00:00:00,654.0,656.0,652.0,655.0,1653751626110,46141933.00679177,70573.18311819,60
197,KRW-DOT,2022-05-28T15:00:00,2022-05-29T00:00:00,12040.0,12100.0,12010.0,12090.0,1653751628710,34593670.6344369,2867.66011608,60
198,BTC-SRM,2022-05-28T08:00:00,2022-05-28T17:00:00,3.521e-05,3.521e-05,3.521e-05,3.521e-05,1653726944079,0.00174734,49.62621414,60
199,BTC-QTCON,2022-05-28T15:00:00,2022-05-29T00:00:00,1e-07,1e-07,1e-07,1e-07,1653751159900,0.23497166,2349716.6,60
200,BTC-MVL,2022-05-28T06:00:00,2022-05-28T15:00:00,2e-07,2e-07,2e-07,2e-07,1653721170200,0.0005,2500.0,60
201,KRW-SRM,2022-05-28T15:00:00,2022-05-29T00:00:00,1305.0,1305.0,1295.0,1305.0,1653751634880,83469401.57332315,64117.95270488,60
202,KRW-MVL,2022-05-28T15:00:00,2022-05-29T00:00:00,7.48,7.49,7.46,7.49,1653751477307,4596602.82512034,614378.67989234,60
203,BTC-REI,2022-05-28T15:00:00,2022-05-29T00:00:00,1.6e-06,1.6e-06,1.57e-06,1.57e-06,1653751643353,1.51257979,962360.5013315,60
204,BTC-AQT,2022-05-28T15:00:00,2022-05-29T00:00:00,5.717e-05,5.724e-05,5.663e-05,5.715e-05,1653751550434,0.11769321,2059.31745799,60
205,BTC-AXS,2022-05-28T14:00:00,2022-05-28T23:00:00,0.00063756,0.00063756,0.00063756,0.00063756,1653749486041,0.04354407,68.298,60
206,BTC-STRAX,2022-05-28T07:00:00,2022-05-28T16:00:00,1.921e-05,1.921e-05,1.921e-05,1.921e-05,1653721316746,0.00050138,26.1,60
207,KRW-STRAX,2022-05-28T15:00:00,2022-05-29T00:00:00,715.0,715.0,712.0,714.0,1653751638782,8544612.26916071,11976.33875483,60
208,KRW-AQT,2022-05-28T15:00:00,2022-05-29T00:00:00,2115.0,2135.0,2115.0,2130.0,1653751588520,30592171.9403304,14396.89149099,60
209,BTC-GLM,2022-05-28T00:00:00,2022-05-28T09:00:00,8.66e-06,8.66e-06,8.66e-06,8.66e-06,1653698090486,0.00538727,622.08660508,60
210,KRW-GLM,2022-05-28T15:00:00,2022-05-29T00:00:00,316.0,317.0,315.0,316.0,1653751647401,7309549.86543564,23115.41119252,60
211,BTC-FCT2,2022-05-28T02:00:00,2022-05-28T11:00:00,2.36e-06,2.36e-06,2.36e-06,2.36e-06,1653703452202,5.025e-05,21.29432787,60
212,BTC-SSX,2022-05-28T05:00:00,2022-05-28T14:00:00,9.5e-07,9.5e-07,9.4e-07,9.4e-07,1653716903054,0.00271371,2857.14285713,60
213,KRW-SSX,2022-05-28T15:00:00,2022-05-29T00:00:00,35.2,35.3,35.1,35.3,1653751339775,2797504.85272709,79411.40361744,60
214,KRW-META,2022-05-28T15:00:00,2022-05-29T00:00:00,60.7,60.9,60.5,60.8,1653751623035,19265382.85126402,317029.89745935,60
215,KRW-FCT2,2022-05-28T15:00:00,2022-05-29T00:00:00,87.1,87.4,87.0,87.3,1653751498495,6461514.32214979,74128.86648097,60
216,BTC-FIL,2022-05-28T15:00:00,2022-05-29T00:00:00,0.00025702,0.00025713,0.0002569,0.00025713,1653751596399,0.48702829,1894.87918697,60
217,BTC-UNI,2022-05-28T15:00:00,2022-05-29T00:00:00,0.00016313,0.000167,0.00016313,0.000167,1653751114123,0.02874635,174.61356053,60
218,BTC-BASIC,2022-05-28T12:00:00,2022-05-28T21:00:00,8e-08,8e-08,7e-08,7e-08,1653741029146,0.00366454,50424.18952616,60
219,BTC-INJ,2022-05-28T14:00:00,2022-05-28T23:00:00,6.8e-05,6.86e-05,6.799e-05,6.855e-05,1653749737793,0.03700459,542.15011584,60
220,BTC-PROM,2022-05-28T15:00:00,2022-05-29T00:00:00,0.00015,0.00015,0.00015,0.00015,1653751627816,0.00341349,22.7566,60
221,BTC-VAL,2022-05-28T15:00:00,2022-05-29T00:00:00,6.173e-05,6.173e-05,6.173e-05,6.173e-05,1653750934569,0.00522914,84.70985759,60
222,BTC-PSG,2022-05-28T15:00:00,2022-05-29T00:00:00,0.00026697,0.00026935,0.00026697,0.00026704,1653751326407,0.25597326,950.77298482,60
223,BTC-JUV,2022-05-28T15:00:00,2022-05-29T00:00:00,0.00016728,0.00017027,0.00016728,0.00016913,1653751562704,0.4349493,2583.37151757,60
224,BTC-CBK,2022-05-27T13:00:00,2022-05-27T22:00:00,3.95e-05,3.95e-05,3.95e-05,3.95e-05,1653659608143,0.0014696,37.20496575,60
225,BTC-FOR,2022-05-28T15:00:00,2022-05-29T00:00:00,6.1e-07,6.1e-07,6.1e-07,6.1e-07,1653750936042,0.14402963,236114.14388574,60
226,KRW-CBK,2022-05-28T15:00:00,2022-05-29T00:00:00,1460.0,1470.0,1460.0,1470.0,1653751291529,6299974.96604795,4304.39204353,60
227,BTC-BFC,2022-05-28T15:00:00,2022-05-29T00:00:00,2.29e-06,2.29e-06,2.28e-06,2.29e-06,1653751624800,0.11835888,51771.80415985,60
228,BTC-LINA,2022-05-28T13:00:00,2022-05-28T22:00:00,3e-07,3e-07,3e-07,3e-07,1653743547415,0.07493564,249785.43640897,60
229,BTC-HUM,2022-05-28T09:00:00,2022-05-28T18:00:00,7.87e-06,7.87e-06,7.87e-06,7.87e-06,1653728559750,0.00366874,466.16772554,60
230,BTC-CELO,2022-05-28T04:00:00,2022-05-28T13:00:00,4.5e-05,4.5e-05,4.5e-05,4.5e-05,1653712329140,0.00616351,136.9670083,60
231,KRW-SAND,2022-05-28T15:00:00,2022-05-29T00:00:00,1655.0,1670.0,1650.0,1670.0,1653751654660,650480107.39865,391852.64493398,60
232,KRW-HUM,2022-05-28T15:00:00,2022-05-29T00:00:00,287.0,289.0,286.0,288.0,1653751448958,17215378.63865877,59825.09056342,60
233,BTC-IQ,2022-05-26T15:00:00,2022-05-27T00:00:00,2e-07,2e-07,2e-07,2e-07,1653577652104,0.01376396,68819.80264084,60
234,BTC-STX,2022-05-28T08:00:00,2022-05-28T17:00:00,1.795e-05,1.795e-05,1.795e-05,1.795e-05,1653726927190,0.01631302,908.80335337,60
235,KRW-DOGE,2022-05-28T15:00:00,2022-05-29T00:00:00,103.0,105.0,103.0,105.0,1653751623716,331415102.3861104,3182390.75828601,60
236,BTC-NEAR,2022-05-28T14:00:00,2022-05-28T23:00:00,0.00016719,0.00016792,0.00016719,0.00016792,1653747830030,0.00100482,6.0,60
237,BTC-AUCTION,2022-05-28T14:00:00,2022-05-28T23:00:00,0.00021726,0.00021726,0.00021725,0.00021726,1653749649123,0.0278658,128.26104818,60
238,BTC-DAWN,2022-05-28T10:00:00,2022-05-28T19:00:00,3.618e-05,3.683e-05,3.618e-05,3.679e-05,1653735131637,0.0534615,1453.29569681,60
239,BTC-FLOW,2022-05-28T08:00:00,2022-05-28T17:00:00,8.19e-05,8.19e-05,8.19e-05,8.19e-05,1653726851888,0.02547152,311.00765602,60
240,BTC-STRK,2022-05-28T05:00:00,2022-05-28T14:00:00,0.00082785,0.00082785,0.00082785,0.00082785,1653717262080,0.00148826,1.79773961,60
241,KRW-STRK,2022-05-28T15:00:00,2022-05-29T00:00:00,30550.0,30720.0,30500.0,30600.0,1653751474273,16179952.1058691,529.01133023,60
242,BTC-PUNDIX,2022-05-28T11:00:00,2022-05-28T20:00:00,1.655e-05,1.659e-05,1.636e-05,1.636e-05,1653738231255,0.00872264,529.32038705,60
243,KRW-PUNDIX,2022-05-28T15:00:00,2022-05-29T00:00:00,603.0,605.0,601.0,603.0,1653751624783,7613905.94427611,12646.19887638,60
244,KRW-FLOW,2022-05-28T15:00:00,2022-05-29T00:00:00,3045.0,3065.0,3035.0,3060.0,1653751622217,59012293.0476135,19355.73918133,60
245,KRW-DAWN,2022-05-28T15:00:00,2022-05-29T00:00:00,1355.0,1355.0,1350.0,1355.0,1653751657160,26107092.67345875,19283.82005867,60
246,KRW-AXS,2022-05-28T15:00:00,2022-05-29T00:00:00,23480.0,23610.0,23440.0,23600.0,1653751656839,139853214.2162107,5945.95166504,60
247,KRW-STX,2022-05-28T15:00:00,2022-05-29T00:00:00,661.0,662.0,659.0,662.0,1653751616345,12002546.33316282,18172.74060296,60
248,BTC-GRT,2022-05-28T15:00:00,2022-05-29T00:00:00,4.8e-06,4.81e-06,4.8e-06,4.81e-06,1653751348737,0.00770662,1604.24046028,60
249,BTC-SNX,2022-05-28T14:00:00,2022-05-28T23:00:00,8.316e-05,8.5e-05,8.316e-05,8.5e-05,1653749217670,0.03944849,470.26049116,60
250,BTC-USDP,2022-05-28T13:00:00,2022-05-28T22:00:00,3.346e-05,3.412e-05,3.346e-05,3.412e-05,1653743464240,0.00314013,93.55815151,60
251,KRW-XEC,2022-05-28T15:00:00,2022-05-29T00:00:00,0.0607,0.0611,0.0606,0.0611,1653751658609,68345772.39493863,1122623411.5514264,60
252,KRW-SOL,2022-05-28T15:00:00,2022-05-29T00:00:00,53590.0,54220.0,53460.0,54180.0,1653751655785,570582252.1179132,10602.94737806,60
253,BTC-SOL,2022-05-28T15:00:00,2022-05-29T00:00:00,0.00145177,0.00145177,0.00145177,0.00145177,1653751383275,0.0061991,4.27003089,60
254,KRW-MATIC,2022-05-28T15:00:00,2022-05-29T00:00:00,748.0,753.0,747.0,753.0,1653751651160,44697966.98378734,59512.08774961,60
255,BTC-MATIC,2022-05-28T03:00:00,2022-05-28T12:00:00,1.996e-05,1.996e-05,1.994e-05,1.994e-05,1653707636426,0.00898776,450.43912428,60
256,KRW-NU,2022-05-28T15:00:00,2022-05-29T00:00:00,203.0,204.0,203.0,204.0,1653751630161,6735224.58141508,33177.32917678,60
257,BTC-NU,2022-05-27T23:00:00,2022-05-28T08:00:00,5.43e-06,5.43e-06,5.43e-06,5.43e-06,1653693909046,0.00133613,246.0639428,60
258,KRW-AAVE,2022-05-28T15:00:00,2022-05-29T00:00:00,119150.0,120800.0,118850.0,120800.0,1653751633111,28203501.5151085,234.50193617,60
259,KRW-1INCH,2022-05-28T15:00:00,2022-05-29T00:00:00,1160.0,1170.0,1160.0,1165.0,1653751596110,21447202.42288685,18430.22282696,60
260,BTC-AAVE,2022-05-28T03:00:00,2022-05-28T12:00:00,0.00321217,0.00321217,0.00321217,0.00321217,1653706962651,0.06058153,18.86,60
261,BTC-1INCH,2022-05-28T11:00:00,2022-05-28T20:00:00,3.146e-05,3.152e-05,3.146e-05,3.152e-05,1653737070462,0.00100768,32.0,60
262,BTC-MASK,2022-05-28T14:00:00,2022-05-28T23:00:00,5.974e-05,6.01e-05,5.905e-05,5.998e-05,1653749628782,0.00883444,148.00390037,60
263,KRW-ALGO,2022-05-28T15:00:00,2022-05-29T00:00:00,465.0,470.0,464.0,470.0,1653751642479,120746008.9471724,259060.23113694,60
264,BTC-AUDIO,2022-05-28T15:00:00,2022-05-29T00:00:00,1.287e-05,1.298e-05,1.287e-05,1.296e-05,1653750369894,0.08469334,6543.24018819,60
265,KRW-NEAR,2022-05-28T15:00:00,2022-05-29T00:00:00,6170.0,6250.0,6165.0,6250.0,1653751658359,258090819.97456014,41644.4055502,60
266,BTC-YGG,2022-05-28T15:00:00,2022-05-29T00:00:00,2.116e-05,2.14e-05,2.113e-05,2.134e-05,1653751079714,0.06916158,3268.85210318,60
267,BTC-GTC,2022-05-28T15:00:00,2022-05-29T00:00:00,8.048e-05,8.048e-05,8.048e-05,8.048e-05,1653751628378,0.00301668,37.48360092,60
268,BTC-OCEAN,2022-05-28T15:00:00,2022-05-29T00:00:00,6.85e-06,6.9e-06,6.85e-06,6.86e-06,1653750522893,0.00594959,867.0,60
269,BTC-CTC,2022-05-28T14:00:00,2022-05-28T23:00:00,1.679e-05,1.68e-05,1.647e-05,1.647e-05,1653749775888,0.05814427,3484.59339147,60
270,BTC-LPT,2022-05-28T14:00:00,2022-05-28T23:00:00,0.00041329,0.00041329,0.00041329,0.00041329,1653747430933,0.00238941,5.78143262,60
271,KRW-WEMIX,2022-05-28T15:00:00,2022-05-29T00:00:00,5290.0,5355.0,5250.0,5300.0,1653751660136,1748921366.1038542,330021.83616343,60
272,BTC-WEMIX,2022-05-28T15:00:00,2022-05-29T00:00:00,0.000143,0.000143,0.000143,0.000143,1653750229684,0.00093938,6.56906331,60
273,KRW-AVAX,2022-05-28T15:00:00,2022-05-29T00:00:00,30110.0,31890.0,29950.0,31560.0,1653751663303,1784976516.3234692,57582.7816894,60
274,BTC-AVAX,2022-05-28T14:00:00,2022-05-28T23:00:00,0.00082414,0.00082484,0.00082414,0.00082484,1653746933270,0.01379503,16.72676646,60
275,BTC-IMX,2022-05-28T14:00:00,2022-05-28T23:00:00,3.025e-05,3.064e-05,2.963e-05,3.047e-05,1653749364154,0.47769356,15822.17157793,60
276,BTC-RNDR,2022-05-28T15:00:00,2022-05-29T00:00:00,2.551e-05,2.553e-05,2.495e-05,2.553e-05,1653751314510,0.0020188,80.0,60
277,BTC-RLY,2022-05-28T15:00:00,2022-05-29T00:00:00,1.97e-06,1.97e-06,1.97e-06,1.97e-06,1653750493358,0.01018804,5171.596,60
278,KRW-T,2022-05-28T15:00:00,2022-05-29T00:00:00,54.9,55.0,54.8,54.9,1653751616615,19911625.22261809,362817.12222599,60
279,BTC-T,2022-05-28T10:00:00,2022-05-28T19:00:00,1.48e-06,1.48e-06,1.48e-06,1.48e-06,1653734102555,0.00350967,2371.3974791,60
280,KRW-CELO,2022-05-28T15:00:00,2022-05-29T00:00:00,1655.0,1665.0,1650.0,1665.0,1653751660234,35728938.43378745,21573.64739787,60
281,BTC-RAD,2022-05-28T15:00:00,2022-05-29T00:00:00,7.145e-05,7.206e-05,7.143e-05,7.143e-05,1653751353842,0.18878389,2631.47718884,60
282,BTC-AGLD,2022-05-28T09:00:00,2022-05-28T18:00:00,1.695e-05,1.695e-05,1.695e-05,1.695e-05,1653728855179,0.00031675,18.68731563,60
283,BTC-API3,2022-05-28T13:00:00,2022-05-28T22:00:00,5.386e-05,5.386e-05,5.384e-05,5.384e-05,1653742850614,0.00405094,75.2210104,60
284,BTC-ARPA,2022-05-28T13:00:00,2022-05-28T22:00:00,1.07e-06,1.07e-06,1.07e-06,1.07e-06,1653745938715,0.02909702,27193.48541701,60
285,BTC-ENS,2022-05-28T14:00:00,2022-05-28T23:00:00,0.00034952,0.00034952,0.00034952,0.00034952,1653747543739,0.00966913,27.664,60
286,KRW-GMT,2022-05-28T15:00:00,2022-05-29T00:00:00,1320.0,1325.0,1310.0,1320.0,1653751663711,753685535.514825,572247.36067976,60
287,BTC-GMT,2022-05-28T14:00:00,2022-05-28T23:00:00,3.573e-05,3.573e-05,3.548e-05,3.572e-05,1653747817305,0.01417274,398.372791,60
